DIST,LAN_1,LAN_2,f1_1,f1_2,f1_3,f1_4,f1_avg,eval_loss_1,eval_loss_2,eval_loss_3,eval_loss_4,eval_loss_avg,prec_1,prec_2,prec_3,prec_4,prec_avg,rec_1,rec_2,rec_3,rec_4,rec_avg
0.0,Fr,Fr,0.893212669683257,0.888047231814637,0.876112099644128,0.887096774193548,0.8861171938338925,0.1984371405724488,0.202130661576116,0.2192373082463677,0.1965491358844449,0.6535558961758154,0.886195286195286,0.87894156560088,0.870112657388999,0.882884919737734,0.8795336072307247,0.900342075256556,0.89734353894642,0.882194848824188,0.89134900707601,0.8928073675257935
0.0,Cz,Cz,0.9060739526784,0.91023464802795,0.915395566402277,0.906259359089547,0.9094908815495435,0.1286610537943727,0.1151119061183302,0.1196576897074,0.1260376123912597,0.5935890889732581,0.90136539637252,0.903468780971258,0.910764872521246,0.89668115369419,0.9030700508898035,0.91083196046128,0.91710261569416,0.920073589533932,0.916044399596367,0.9160131413214347
0.0,Hng,Hng,0.904727423192303,0.912152269399707,0.915792689135525,0.914913462534977,0.9118964610656279,0.1008996036884204,0.0970074704382568,0.103278548046268,0.1053776079589313,0.5773889399234049,0.898684751335799,0.909109860329372,0.909587378640776,0.9059934318555,0.9058438555403617,0.910851905852947,0.915215110178384,0.922083247898298,0.924010885492987,0.918040287355654
0.0,Swd,Swd,0.96926853215513,0.96884581149243,0.970608339029391,0.971073156283937,0.969948959740222,0.02711624687416899,0.03035835384279478,0.0340838422954037,0.0343878621332092,0.5238969878256954,0.968792934249263,0.964742958440023,0.967114224557306,0.967158308751229,0.9669521064994553,0.969744597249508,0.972983710766785,0.974127793022344,0.975019825535289,0.9729689816434816
0.0,Swd,Nor,0.775514201762977,0.793023955096722,0.773456790123456,0.778719672610347,0.7801786548983756,0.42773070419097,0.4093709841251434,0.445719122881192,0.4658354122710617,0.8348213098358058,0.76325428957007,0.78043006510159,0.767142857142857,0.7690531177829,0.7699700823993542,0.788174397770256,0.80603096984515,0.779875518672199,0.788632326820603,0.7906783032770519
0.0,Nor,Swd,0.74200234297557,0.821095037538912,0.813144079331129,0.778097429996164,0.7885847224604439,0.205349844277,0.293954284872614,0.324085109418983,0.271827708531341,0.700315665556831,0.685367071749625,0.761548913043478,0.806712962962962,0.75352897473997,0.7517894806240089,0.808840864440078,0.890742947953913,0.819678557428459,0.8043219666931,0.8308960841288875
0.0,Nor,Nor,0.922026518899663,0.927101287640677,0.918235112619561,0.921070693205216,0.9221084030912792,0.1069416079556508,0.0998323900980914,0.1041137912808567,0.1033174771364087,0.578593219093229,0.9165846940783,0.922704339051463,0.910462981847848,0.915237724084177,0.916247434765447,0.927533346605614,0.931540342298288,0.926141078838174,0.926978488257351,0.9280483139998568
0.0,Rus,Rus,0.90099750623441,0.902533383252215,0.906131440460163,0.898547094188376,0.902052356033791,0.147452741074583,0.154573129844182,0.1501482253256931,0.173061803640784,0.6176656925102649,0.89541511771995,0.899950223992035,0.902486591906387,0.897198599299649,0.8987626332295052,0.906649937264742,0.905131414267834,0.909805849102973,0.899899648770697,0.9053717123515614
0.0,Rom,Rom,0.925132341820015,0.925815252695855,0.94074356046187,0.931653302787323,0.9308361144412658,0.168560095400846,0.1468773413906715,0.1292895403004168,0.15897975710044,0.6142073482004258,0.91956903031821,0.92353551062726,0.936584133400707,0.928698299923877,0.9270967435675136,0.930763378138473,0.928106277676478,0.944940096864644,0.934627170582226,0.9346092308154553
0.0,Alb,Alb,0.957738672578633,0.947788951646232,0.950657894736842,0.956966929569669,0.953288112132844,0.073717491108647,0.0829336116234706,0.0823839282293961,0.068724679203153,0.556206524635299,0.95495993368333,0.944535969247666,0.949616648411829,0.957629465522016,0.9516855042162102,0.96053362979433,0.951064418025988,0.951701427003293,0.956305309734513,0.9549011961395311
0.0,It,It,0.919764327798607,0.906443163960188,0.921393244238661,0.90717299578059,0.9136934329445116,0.108933298107446,0.1340536033448286,0.1240330645996266,0.1448645182663056,0.5944577202433445,0.912045889101338,0.902001668056713,0.915325109763746,0.898453823652319,0.906956622643529,0.927614520311149,0.910928616550852,0.927542372881355,0.91606305922454,0.9205371422419739
0.0,It,Prt,0.792070183433975,0.803914874246045,0.81515289821999,0.8232208029197,0.8085896897049275,0.4420745708583963,0.396086405821695,0.3936922768078429,0.396348098978868,0.8080287366612768,0.755816481843879,0.767158992180712,0.787999117582175,0.80324949922101,0.778556022706944,0.831977022498803,0.844370069328233,0.8442448593713,0.844210526315789,0.8412006193785313
0.0,It,Spn,0.815893731065019,0.824443659484281,0.828685258964143,0.81298193117735,0.8205011451726982,0.350017438792435,0.3192384859411474,0.33545579863253,0.3291167441898729,0.7536474954037095,0.78164768921634,0.801878149335776,0.80400181900864,0.773713033953997,0.7903101728786883,0.853278089203022,0.848315968015507,0.854932301740812,0.856450048496605,0.8532441018639866
0.0,Prt,It,0.848491333190669,0.82693700217233,0.860690806636752,0.845796366708914,0.8454788771771662,0.2570228454063344,0.302906483820882,0.2553180560416065,0.257162300166958,0.6923758004037247,0.840398473929631,0.81272875152501,0.848036191651244,0.838709677419354,0.8349682736313098,0.856741573033707,0.841650873868182,0.873728813559322,0.853003834682573,0.856281273785946
0.0,Prt,Prt,0.89624776652769,0.901495371469261,0.889434889434889,0.902311534440701,0.8973723904681352,0.2234271332007251,0.2083262976654149,0.2438843628433161,0.1981701492922196,0.6663704113340653,0.892103391036281,0.895121376384633,0.880676552363299,0.896169820027688,0.8910177849529752,0.900430828147438,0.90796079368874,0.898369179862916,0.908538011695906,0.90382470334875
0.0,Prt,Spn,0.878977820636451,0.866006443145209,0.864806866952789,0.878246366452227,0.872009374296669,0.2753706259309738,0.2491164863723911,0.2969898221677632,0.2312708400340724,0.7009078220332023,0.869544478893393,0.853079454630935,0.853010348071495,0.86323185011709,0.8597165329282282,0.88861808432854,0.87933123334141,0.876934235976789,0.893792434529582,0.8846689970440802
0.0,Spn,It,0.882175876155665,0.850519248924787,0.856150689256024,0.8559670781893,0.8612032231314439,0.195899791679697,0.258381766877891,0.226147629229347,0.24441639796072,0.6666159547174411,0.877834830979888,0.847408026755852,0.850512230817478,0.848003345180848,0.8559396084335165,0.886560069144338,0.85365340071594,0.86186440677966,0.86408180656156,0.8665399208003745
0.0,Spn,Prt,0.849578534963789,0.846725663716814,0.843819566490919,0.839227547696603,0.8448378282170312,0.3331331020060428,0.32609297970841,0.312399892771,0.330833638724739,0.7440916583754454,0.842873969375736,0.835973904939422,0.836663568773234,0.834760472112936,0.837567978800332,0.856390617520344,0.857757590246234,0.851099030961947,0.843742690058479,0.852247482196751
0.0,Spn,Spn,0.89730252812386,0.89588086946079,0.89670965409184,0.900675024108003,0.8976420189461234,0.232963057943759,0.205739192597397,0.222608449439268,0.2033868605154,0.6647395919746067,0.890730067243035,0.88809523809523,0.894015861571737,0.895493767976989,0.8920837337217478,0.903972702900316,0.90380421613763,0.899419729206963,0.905916585838991,0.903278308520975
0.0,Grk,Grk,0.888706075919614,0.88980846535824,0.884561238854997,0.876884720408405,0.8849901251353139,0.1206678355384854,0.1320412795183996,0.1273157858426962,0.1330154400937556,0.5952497653687343,0.8778732296261,0.882297772567409,0.876744186046511,0.865479259432856,0.8755986119182191,0.8998096144693,0.897448127832101,0.892518939393939,0.88859480269489,0.8945928710975575
0.0,Lit,Lit,0.908200734394124,0.91147174034695,0.894420982440542,0.904431028590955,0.9046311214431428,0.1112004270344784,0.125327317294185,0.12643917382557,0.128264985918756,0.591476146694701,0.904878048780487,0.904085257548845,0.880910683012259,0.895354082092918,0.8963070178586273,0.911547911547911,0.918979914240577,0.90835214446952,0.913693901035673,0.9131434678234203
0.0,SCr,SCr,0.946745562130177,0.943901459365376,0.946490066225165,0.940434665951167,0.9443929384179712,0.0926024944830561,0.095815157862117,0.106624199600126,0.1176181069076249,0.5792112002477017,0.941680042803638,0.938248602608464,0.94150197628458,0.934915977594025,0.9390866498226768,0.951865873445105,0.949622844827586,0.951531291611185,0.946018893387314,0.9497597258177974
0.0,SCr,Blg,0.776563504454036,0.780255668563963,0.758419877705522,0.76745485012102,0.7706734752111353,0.574015228960995,0.587397653901918,0.632099260158504,0.578302423120476,0.9461042280599937,0.753519871680627,0.761012013105205,0.738842662632375,0.74163368118028,0.7487520571496217,0.801061007957559,0.80049779820026,0.779062811565304,0.795138888888888,0.7939401266530027
0.0,Blg,SCr,0.3941068139963167,0.58584374234631,0.60083007812,0.67518340500885,0.5639910098678692,0.847958483011789,0.8371301738648,0.622475781053864,0.53152999391193,1.0004910644943958,0.3430861723446893,0.537045352492141,0.554654045526256,0.635324922637467,0.5175276232501383,0.46295294753921,0.644396551724137,0.65539280958721,0.720377867746288,0.6207800441492113
0.0,Trk,Trk,0.902793296089385,0.907306434023991,0.906945975744211,0.893275488069414,0.9025802984817504,0.1407863351504401,0.1440142851889662,0.1215611756844839,0.145329580578883,0.6019192728534518,0.895390070921985,0.90121317157712,0.896273697973414,0.885972461273666,0.8947123504365463,0.910319963947724,0.913482652613087,0.917875474224503,0.900699912510936,0.9105945008240625
0.0,Arm,Arm,0.910804182264102,0.926409185803757,0.921014964216005,0.917934711926128,0.9190407610524981,0.1462218940506433,0.1287824192786416,0.1370125337812788,0.1296979972457719,0.6032331062694235,0.90184049079754,0.92159916926272,0.917790456431535,0.913538700491845,0.91369220424591,0.919947848761408,0.931269674711437,0.924262209454165,0.922373235755358,0.9244632421705921
0.0,Arm,Est,0.676382511479337,0.648976653296307,0.6581800099453,0.685725913114253,0.6673162719587993,0.750137575637514,0.716743541487925,0.84118460163915,0.772950675829309,1.0910682132764933,0.66249511145874,0.64453524004085,0.658638535031847,0.668916236601826,0.6586462807833158,0.690864600326264,0.65347970173985,0.657722122838401,0.703402212481736,0.6763671593465627
0.0,Est,Arm,0.4406974076623078,0.474455162558056,0.3661913618516222,0.4642311758487019,0.43639377698017195,1.675294827967182,1.698856471283492,1.971932591616827,1.871130680551691,1.879589525033925,0.39340569322138,0.4344601962922573,0.302957770559069,0.42159163644122,0.38810382412848154,0.500912646675358,0.522560335781741,0.462784016714546,0.51646628332462,0.5006808206240663
0.0,Est,Est,0.915391630357685,0.917542774685631,0.9047195013357,0.908283412518074,0.9114843297242725,0.110724668896007,0.1089341113564641,0.121547412367192,0.1251110922376583,0.5893457933752143,0.909768378650553,0.913212966762412,0.90070921985815,0.8989981598855,0.9056721812891538,0.921084828711256,0.92191383595691,0.908765652951699,0.917762471300354,0.9173816972300548
0.0,Wel,Wel,0.926885434657455,0.923291168620169,0.924963105914405,0.927181131211357,0.9255802101008465,0.0990649366986603,0.107193282480732,0.08933694249015,0.0990615838128806,0.5718658657504228,0.918530351437699,0.91532443626323,0.915711395819285,0.919809177646524,0.9173438402916845,0.935393911224726,0.931397799110278,0.93440366972477,0.934672206832871,0.9339668967231611
0.0,Grg,Grg,0.856381798002219,0.857580063394906,0.856599977646138,0.850287259209192,0.8552122745631138,0.1432047825593046,0.14731254417694,0.1453729780339482,0.1573052424448323,0.6114707507595213,0.851655629139072,0.850791585339405,0.851555555555555,0.85115020297699,0.8512882432527554,0.861160714285714,0.864477743499338,0.861704519901056,0.84942606347062,0.859192260289182
0.0,Fin,Fin,0.899504459861248,0.893356464945402,0.895061104938895,0.901138768517585,0.8972651995657825,0.112932424391117,0.1282165850894722,0.1320685373844377,0.1242104544820255,0.5923028540643951,0.892428711897738,0.887289681735252,0.889937738501707,0.89491593274619,0.8911430162202219,0.906693306693306,0.899506781750924,0.900243803331978,0.907448751775928,0.903473160888034
0.0,Brt,Brt,0.920174784184162,0.928728552573691,0.93014584932558,0.922993960310612,0.9255107865985113,0.1361083425387429,0.1072912925041057,0.1164937653229571,0.1161716239376019,0.5921934329498255,0.914037687910226,0.92486308871851,0.926387068588903,0.91509837467921,0.9200965549742122,0.926394849785407,0.932626463441572,0.93393525655142,0.931026979982593,0.930995887440248
0.0,Eng,Eng,0.80283778060144,0.810214239342133,0.807918673087212,0.81172806358071,0.8081746891528737,0.264008359091592,0.2537888151357396,0.2540286391549372,0.2491733516597062,0.6918025874765589,0.795092281879194,0.798294243070362,0.797422898183354,0.802165145404372,0.7982436421343205,0.810735671514114,0.822495606326889,0.818694426371719,0.821521739130434,0.818361860835789
0.0,Bsq,Bsq,0.93637633907778,0.9429758308157,0.9493789988709,0.939385234128124,0.9420291007231261,0.0825051510763385,0.0873181101349029,0.05932664321221743,0.0895505531755507,0.5578455868660266,0.929363905325443,0.9383690341976,0.945996624789049,0.934285714285714,0.9370038196494516,0.943495400788436,0.947628083491461,0.952785646836638,0.944540727902946,0.9471124647548702
0.0,Ukr,Sln,0.79935609980453,0.834725671709189,0.816155988857938,0.792644847924135,0.8107206520739481,0.2758860182636876,0.261877622453718,0.2371868191083604,0.263041749339716,0.6940286466779411,0.777628635346756,0.819733924611973,0.796195652173913,0.767181553615401,0.7901849414370108,0.822332623610125,0.850275988960441,0.837142857142857,0.819856459330143,0.8324019822608916
0.0,Ukr,Pol,0.835691417948982,0.816157431382703,0.83039537894632,0.812840582581987,0.823771202714998,0.2378166040171707,0.24755612488272,0.2368178809424556,0.271462205678285,0.6865241726594778,0.829098360655737,0.806550665301944,0.831306081754735,0.80652772316162,0.818370707718509,0.842390172808661,0.825995807127882,0.829486669319538,0.819253045735969,0.8292814237480125
0.0,Sln,Ukr,0.659531630814877,0.657401688284949,0.644788817988453,0.637681159420289,0.649850824127142,0.709800590748435,0.532118840230532,0.4001822482243,0.4754447894074687,0.8963569070950509,0.69635265159991,0.681536819637139,0.651453131395824,0.648267275368333,0.6694024695003016,0.626409017713365,0.63491747862398,0.638259474634048,0.627435227957421,0.6317552997322035
0.0,Sln,Sln,0.928211734395128,0.932012299282541,0.93573203929459,0.927722301474084,0.9309195936115858,0.1199661289209755,0.1168321800179628,0.0985586234032801,0.1086551510935765,0.581794975854458,0.919063079777365,0.923076923076923,0.93033654977641,0.922022684310018,0.923624809235179,0.937544357700496,0.941122355105795,0.941190476190476,0.933492822966507,0.9383375029908185
0.0,Sln,Pol,0.823408201112713,0.82962656460122,0.83240058910162,0.819739547635366,0.8262937256127297,0.2666251632672441,0.256379521397235,0.2679646860066464,0.2902641272726534,0.7062134941366359,0.815011217621864,0.81886869511946,0.821670866446985,0.804072224356511,0.814905750886205,0.831980012492192,0.840670859538784,0.843414245921209,0.836029558617934,0.8380236691425297
0.0,Pol,Ukr,0.65062,0.682313660021604,0.639335755059678,0.622937941869599,0.6488018392377203,0.492457361308149,0.390940665682786,0.50830158892092,0.472393804933753,0.8682881887907055,0.674222797927461,0.674039580908032,0.662650602409638,0.609414024975984,0.6550817515552787,0.628623188405797,0.690793398289918,0.617605775015039,0.637075718015665,0.6435245199316048
0.0,Pol,Sln,0.835871789042964,0.814110361605661,0.818129792835069,0.831502255117381,0.8249035496502688,0.2680550548100424,0.2652739947328361,0.2468054016238786,0.2495230077951709,0.691095866057273,0.804419164296652,0.784025559105431,0.78774520608331,0.804790687262144,0.7952451541868844,0.869884078542701,0.846596136154553,0.85095238095238,0.860047846889952,0.8568701106348964
0.0,Pol,Pol,0.903079148584418,0.898001665278934,0.906129700917974,0.903296050678016,0.9026266413648355,0.135442991161111,0.138030586141695,0.1380880494668157,0.146757089264282,0.6050720324730521,0.896410256410256,0.891690781314592,0.899118511263467,0.895408163265306,0.8956569280634052,0.909848011659379,0.90440251572327,0.91325109430959,0.911324146195326,0.9097064419718913
0.0,Blg,Blg,0.927763108261033,0.934921391138637,0.926795443288756,0.92717516289766,0.9291637763965215,0.1111231105543668,0.1149229901274906,0.1241254472474899,0.114050529945446,0.5873247719368256,0.923582425835523,0.930576631259484,0.920866141732283,0.921172886519421,0.9240495213366777,0.931981811292156,0.939306911736549,0.932801595214356,0.933256172839506,0.9343366227706417
0.0,Ukr,Ukr,0.917380051761895,0.920299861905701,0.922800359532607,0.924705412422608,0.9212964214057027,0.1208733850669229,0.124180183932704,0.1137017243537131,0.112435755492876,0.586752716228378,0.907443875541551,0.913094539048737,0.919220055710306,0.91956305858987,0.914830382222616,0.92753623188405,0.927619805130244,0.926408662522558,0.929905603534846,0.9278675757679244
0.0,Dut,Dut,0.902057436776682,0.902790942601369,0.91269587464023,0.908470847084708,0.9065037752757473,0.1340758499843527,0.1536114224855254,0.129609840206895,0.13164733172197,0.5988332554783045,0.89572249414769,0.895903010033444,0.904118268215417,0.899956408020924,0.8989250451043688,0.908482624649255,0.909785608151135,0.921437795953508,0.917147934251443,0.9142134907513353
0.0,Ltv,Ltv,0.921621019817412,0.915592422374173,0.916732040793455,0.914963297571993,0.9172271951392582,0.1050945945967321,0.1109083311397532,0.1154126057607895,0.112879894022609,0.5833467735950326,0.919369169258107,0.910184978827724,0.91131907308377,0.910541694762868,0.9128537289831172,0.923883928571428,0.9210645015787,0.922209695603156,0.919428052655469,0.9216465446021882
0.0,Tat,Tat,0.982243977349073,0.985408560311284,0.980466888994759,0.982738557020946,0.9827144959190155,0.0200930146576712,0.02018060245621332,0.02354144095795031,0.0206595969076162,0.5160735131308094,0.981772831926323,0.983304212774218,0.9790675547098,0.981026137463697,0.9812926842185095,0.98271557518724,0.987521934100214,0.981870229007633,0.984456965222459,0.9841411758793865
0.0,Grm,Grm,0.863124335812964,0.855186721991701,0.865380538477846,0.872727272727272,0.8641047172524458,0.132902503025088,0.13967143301688,0.1301960907810905,0.120078500959816,0.5957942736914986,0.854048370136698,0.848322700144062,0.860455311973018,0.867349070398997,0.8575438631631938,0.872395273899033,0.862162727462873,0.87036247334754,0.878172588832487,0.8707732658854832
1.0,Wel,Tat,0.680534918276374,0.608984078847611,0.57075599818922,0.705862128244799,0.6415342808895009,0.4486654858791352,0.2759560200827362,0.4063707319276293,0.2853930369128818,0.7851073136799116,0.652770354534117,0.597545099497861,0.539541252995549,0.638370646766169,0.6070568384484241,0.710766246362754,0.620869565217391,0.605804343647895,0.789311803152633,0.6816879895951683
1.0,Grg,Arm,0.4656588501368884,0.4823430155477883,0.496103896103896,0.503196236883367,0.48682549966798494,1.286812861882884,1.367975598384796,1.321101268412361,1.29716719238376,1.476270330669751,0.425494887970415,0.4439760372753494,0.45604514868678,0.470667870036101,0.4490459859921614,0.514195583596214,0.52796833773087,0.543877815169557,0.540554547810313,0.5316490710767384
1.0,Grg,Est,0.771919005036488,0.7693699125716,0.746792569023914,0.0,0.5720203716580005,0.2837870175460519,0.295505676532225,0.27735972932885,0.0,0.6402866867187255,0.768837018837018,0.755029585798816,0.745950379331556,0.0,0.5674542459918475,0.775025799793601,0.784265519360786,0.747636662556514,0.0,0.5767319954277252
1.0,Ltv,Pol,0.770044932601098,0.769416256405104,0.745272745272745,0.0,0.5711834835697367,0.3691539955303562,0.3885953629672518,0.43428223870805,0.0,0.7008590585596015,0.746563407550822,0.748436278342455,0.723985381804193,0.0,0.5547462669243675,0.795051546391752,0.791606367583212,0.767849857201142,0.0,0.5886269427940265
1.0,Ukr,Blg,0.847048054919908,0.845831392640894,0.857526366251198,0.842194891201513,0.8481501762533783,0.2288819693009524,0.2221290018494752,0.2126100961316514,0.2451592659448741,0.6716628328443695,0.82698838248436,0.820531357310681,0.841867469879518,0.823649148778682,0.8282590896133103,0.868105065666041,0.87274125336409,0.873778819851504,0.861595044521873,0.869055045850877
1.0,Ukr,SCr,0.572006183850636,0.487902749911483,0.62537655139173,0.53306326700822,0.5545871880405173,1.22575916374154,1.294678373545399,0.704840600185594,1.089051461643036,1.2549128063925425,0.510507323285926,0.4341524889729048,0.571082746478873,0.4771757679180887,0.49822958166394815,0.650351541373715,0.556842672413793,0.691078561917443,0.603778677462887,0.6255128632919595
1.0,Pol,Blg,0.84563260001856,0.844083569017425,0.833995084136887,0.855395615768181,0.8447767172352633,0.2285147260873416,0.263680764264235,0.298406722700713,0.215727619092229,0.6856622669700708,0.825031697156312,0.813005272407732,0.813837638376383,0.832143510891451,0.8210045297079696,0.867288651942117,0.87763232783153,0.85517642497091,0.879984514130855,0.870020479718853
1.0,Ukr,Lit,0.759872401275987,0.771769815418023,0.778513293543136,0.0,0.5775388775592865,0.3108802164955055,0.2951278051147193,0.3005712303483832,0.0,0.6528628617109722,0.73787652211066,0.745698699118757,0.758511313174032,0.0,0.5605216336008623,0.783219954648526,0.799729972997299,0.79959875167186,0.0,0.5956371698294213
1.0,Ukr,Ltv,0.661722025153176,0.66086217880654,0.660491167600172,0.0,0.49576884288997203,0.651766640964366,0.692944752098336,0.669093304447077,0.0,0.8302149863528607,0.620064464141821,0.621281692952685,0.626225490196078,0.0,0.466892911822646,0.70938004148421,0.705828986164663,0.698723792160437,0.0,0.5284832049523275
1.0,Sln,Blg,0.817472698907956,0.8169994504488,0.81454614870669,0.0,0.6122545745158615,0.3377652651971389,0.369435380922795,0.2953170099702309,0.0,0.6582705687918424,0.799497397235684,0.797140303842716,0.791210828852215,0.0,0.5969621324826537,0.836274877957191,0.837873379673116,0.839299763965381,0.0,0.6283620053989221
1.0,Grm,Fr,0.754733793717977,0.749007598956561,0.752824220515137,0.733936851402075,0.7476256161479375,0.653179025280774,0.674425795514731,0.675352136853715,0.674086544622269,1.0006544266891895,0.751886373723923,0.742690058479532,0.754528985507246,0.72513089005235,0.7435590769407627,0.757602862254025,0.755433539235872,0.751127141568981,0.742959320518551,0.7517807158943572
1.0,Sln,SCr,0.450805869617512,0.2255400254129606,0.2432432432432432,0.2400166823063288,0.28990145514501114,0.9701539406316,2.358780729611723,1.859683846154123,1.659941844222411,1.6224449077520335,0.405979202772963,0.1857990230286113,0.2047315741583257,0.1955487597689432,0.2480146399322108,0.50676041103299,0.286907327586206,0.299600532623169,0.310661268556005,0.3509823849495925
1.0,Sln,Lit,0.754931461049816,0.768273716951788,0.756180639490165,0.0,0.5698464543729422,0.291878910393108,0.30596170630776,0.32215460920498,0.0,0.653508379899522,0.736784859691102,0.74606256742179,0.730108211330362,0.0,0.5532389096108135,0.773994515539305,0.791847950538126,0.784184138559708,0.0,0.5875066511592847
1.0,Sln,Ltv,0.65475029790921,0.652629351391387,0.6828,0.0,0.4975449123251492,0.699635748975547,0.806080978840344,0.757962787202493,0.0,0.86439963404451,0.629190089527378,0.617417417417417,0.650874339162261,0.0,0.474370461526764,0.682475158084914,0.69210053859964,0.718196096028718,0.0,0.5231929481783181
1.0,Est,Grg,0.710894446799491,0.687083014327901,0.683197389885807,0.0,0.5202937127532997,0.30412261517491,0.3685599219123942,0.378728528684136,0.0,0.6707127859647615,0.679222357229647,0.67287917737789,0.666313109885447,0.0,0.5046036611232461,0.745664739884393,0.701899441340782,0.700959607230528,0.0,0.5371309471139257
1.0,Est,Tat,0.766651053864168,0.800729594163246,0.751104565537555,0.0,0.5796213033912423,0.285522338041725,0.1602267780682255,0.2955797788000582,0.0,0.6452755292104458,0.746715328467153,0.756635642881764,0.719703651437643,0.0,0.55576365569664,0.787680461982675,0.850280844470269,0.785370548604427,0.0,0.6058329637643428
1.0,Pol,SCr,0.37862258953168,0.500818330605564,0.589922854387656,0.3894868018579359,0.46471264409570895,1.323494903778246,0.982772033477962,0.7385667848615,1.446513932215775,1.3771439052138803,0.3195090198995722,0.442379182156133,0.538868090728914,0.33561108941819,0.40909184555070227,0.464575446187128,0.577047413793103,0.651664447403462,0.4639676113360323,0.5393137296799313
1.0,Pol,Ltv,0.661303979678238,0.660491855637176,0.672080350464793,0.0,0.49846904644505174,0.59682754862085,0.52177597582996,0.56898196634045,0.0,0.7914523787403249,0.61726931436475,0.62401931200965,0.634072580645161,0.0,0.4688403017548902,0.712103943469341,0.701492537313432,0.714935212548306,0.0,0.5321329233327697
1.0,Tat,Trk,0.661290322580645,0.666737198476512,0.714159292035398,0.0,0.5105467032731388,0.511666370730654,0.505864143878781,0.499605483744958,0.0,0.7528179636189031,0.63643790849673,0.6474214094925,0.703727926749509,0.0,0.49689681118468476,0.688162544169611,0.687241003271537,0.724904558724455,0.0,0.5250770265414008
1.0,Ltv,Ukr,0.630404182585964,0.629014396456256,0.6350622406639,0.0,0.47362020492653,0.575186807977061,0.662447240879429,0.750480287826397,0.0,0.8314167739508644,0.636289831540491,0.632004855351001,0.671713846829054,0.0,0.48500213343013654,0.624626419605499,0.626052104208416,0.60220342317529,0.0,0.46322048674730126
1.0,Lit,Pol,0.824824824824824,0.807399794450154,0.81828637147786,0.0,0.6126277476882095,0.2782832362892394,0.28680383359047,0.27320701650238,0.0,0.6378725631979049,0.822355289421157,0.801959983666802,0.809596055376446,0.0,0.6084778321161013,0.827309236947791,0.812913907284768,0.82716527804689,0.0,0.6168471055698622
1.0,Cz,Blg,0.804090823794332,0.822949600148781,0.825633668101386,0.0,0.6131685230111248,0.332820552032869,0.282601748353215,0.28989972705251,0.0,0.6556800697713447,0.774864376130198,0.800760043431053,0.798963346908552,0.0,0.5936469416174508,0.835608424336973,0.846403978576893,0.85414605185038,0.0,0.6340396136910615
1.0,Cz,SCr,0.470574659589199,0.485965942454492,0.55806795311945,0.242811501597444,0.4393550141901462,0.90980033431324,1.28566316477604,0.74318571093584,1.538137361652134,1.2977808517253036,0.4104267310789,0.43077243389548,0.50234441602728,0.2005277044854881,0.38601782137178703,0.55137912385073,0.557381465517241,0.627696404793608,0.307692307692307,0.5110373254634715
1.0,Lit,Sln,0.832542372881355,0.814213893967093,0.79300291545189,0.0,0.6099397955750845,0.2858313097771,0.276088234385313,0.295004070216151,0.0,0.6452088449983128,0.809492419248516,0.793894830659536,0.76680198466396,0.0,0.5925473086430031,0.856943475226796,0.835600375234521,0.82105771552765,0.0,0.6284003914972418
1.0,Lit,Ukr,0.648085822465292,0.666938775510204,0.638670694864048,0.0,0.488423823209886,0.4801995298216346,0.460901765184511,0.46096494557126,0.0,0.7352911188482236,0.661726804123711,0.688579856721449,0.652200740436034,0.0,0.5006268503202985,0.634995877988458,0.646616541353383,0.625690607734806,0.0,0.4768257567691617
1.0,SCr,Cz,0.704700683005222,0.745596477181745,0.732727272727272,0.712101528929749,0.723781490460997,0.525757437290956,0.434142064812545,0.425250295383479,0.538257543936572,0.8723163191527518,0.6878431372549,0.741736360015929,0.7242412140575,0.705265241488519,0.714771488204212,0.722405271828665,0.749496981891348,0.74141455437448,0.71907164480322,0.7330971132244282
1.0,SCr,Pol,0.717812691287492,0.735432426906563,0.731172265204191,0.728652013226998,0.728267349156311,0.58458235319988,0.500045733272749,0.57669612811167,0.643247796935269,0.9511315695617047,0.7037407481496,0.717677573822825,0.719961427193828,0.710142180094786,0.7128804823152598,0.7324588798667,0.754088050314465,0.742737763629128,0.748152586379069,0.7443593200473405
1.0,SCr,Sln,0.7065909090909,0.7112831858407,0.718036529680365,0.68118056334867,0.7042727969901588,0.481436247136684,0.680882378714159,0.564899329825177,0.728484866264529,0.9437051108065975,0.679860048108462,0.685208866155157,0.68969298245614,0.64151342210949,0.6740688297073123,0.7355098178377,0.739420423183072,0.748809523809523,0.726076555023923,0.7374540799635545
1.0,SCr,Ukr,0.561141033313385,0.536150857576044,0.527325202495112,0.561650629897827,0.546566930820592,0.975478973921755,1.05054267971588,0.717586464952555,0.962948023625802,1.164003365625028,0.556148675365757,0.512128892107168,0.492179353493222,0.554880439043512,0.5288343400024147,0.56622383252818,0.562537283754225,0.56787647884499,0.568588069893552,0.5663064162552367
1.0,Blg,Cz,0.786040714582467,0.803787801649526,0.789711934156378,0.0,0.5948851125970928,0.2392715358983139,0.262830606862321,0.2480259607163445,0.0,0.6218243741536645,0.781172584640792,0.803051881993896,0.785992217898832,0.0,0.59255417113338,0.790969899665551,0.804525071341214,0.793467025015505,0.0,0.5972404990055675
1.0,Blg,Pol,0.80521597392013,0.804693178278475,0.80951429142514,0.0,0.6048558609059362,0.318388825753581,0.285810705558549,0.289039965043447,0.0,0.6518571976992571,0.80178535199837,0.799463585723127,0.805970149253731,0.0,0.601804771743807,0.808676079394311,0.809991638795986,0.81308974101586,0.0,0.6079393648015392
1.0,Blg,Sln,0.796971782518926,0.805680637339799,0.807602611940298,0.0,0.6025637579497558,0.278173304474453,0.261257581691533,0.249895789389424,0.0,0.6320172734659693,0.781025179856115,0.78228699551569,0.786509198273904,0.0,0.5874553434114272,0.813583138173302,0.830516543680076,0.829858614905343,0.0,0.6184895741896802
1.0,Blg,Ukr,0.666869794840544,0.664922519621654,0.654876200101061,0.0,0.49666712864081475,0.576708532729898,0.470534376070961,0.468522269705074,0.0,0.761307700608743,0.67732618114297,0.66532420459122,0.6652977412731,0.0,0.5019870317518225,0.656731346269253,0.664521319388576,0.644776119402985,0.0,0.49150719626520345
1.0,Pol,Lit,0.805510003279763,0.802993616552938,0.81080480213428,0.0,0.6048271054917452,0.2301321802179858,0.2523136637282903,0.260178597664467,0.0,0.6225776944706132,0.783163265306122,0.776335390508618,0.789223111880545,0.0,0.5871804419238212,0.829169480081026,0.831547754729883,0.833,0.0,0.6234293087027272
1.0,Arm,Grg,0.639791937581274,0.63423264042459,0.653487095002745,0.0,0.4818779182521522,0.670635925194886,0.677568398905751,0.624561690927609,0.0,0.8237994040306238,0.631714102289749,0.63143989431968,0.639235066609368,0.0,0.47559726580469924,0.64807903402854,0.63705019991115,0.668389126039092,0.0,0.48837958999469544
1.0,Ltv,Sln,0.783737222924084,0.785457809694793,0.816516892276191,0.0,0.596427981223767,0.2845847052702365,0.3241243723472755,0.279755753482759,0.0,0.6410851146882489,0.753533568904593,0.757084144494916,0.793324491600353,0.0,0.5759855512499655,0.816463268724575,0.816041035206341,0.84110616358097,0.0,0.6184026168779715
1.0,Trk,Tat,0.712010492786209,0.649855630413859,0.52788825298283,0.0,0.4724385940457245,0.2995780343167973,0.2729380868961203,0.3640284455455664,0.0,0.6659016199655909,0.695715854998169,0.646248085758039,0.527427796084512,0.0,0.46734793421018,0.729086722947045,0.653503677893921,0.528349514563106,0.0,0.477734978851018
1.0,Arm,Tat,0.703811218278865,0.760165811290959,0.677648893654352,0.0,0.5354064808060439,0.3368660245842776,0.266970001708742,0.3219598999155134,0.0,0.6647064811249477,0.681290790427846,0.77422597507036,0.68695652173913,0.0,0.535618321809334,0.7278713926012,0.746607212097712,0.668590113483362,0.0,0.5357671795455685
1.0,Fr,Grm,0.7905531385954,0.783876156011258,0.77281153450051,0.0,0.586810207276792,0.2207469780712952,0.242881760124703,0.2406368047062377,0.0,0.6153459456943832,0.76888978440459,0.753138883523276,0.73713163064833,0.0,0.5647900746440491,0.81347260712001,0.817229092433452,0.812121212121212,0.0,0.6107057279186685
1.0,Tat,Arm,0.600941293039385,0.535224930277676,0.558133884096707,0.0,0.423575026853442,0.966146419288266,0.63589704229973,0.835389170918106,0.0,0.950383897551593,0.577206757078277,0.499773550724637,0.519213381555153,0.0,0.3990484223395167,0.626711444071299,0.576089793787522,0.603362227475702,0.0,0.4515408663336308
1.0,Tat,Est,0.747261423073127,0.753814753620371,0.76228914415812,0.0,0.5658413302129045,0.343844631834375,0.3638820992279885,0.324746108401846,0.0,0.6671476850590552,0.732726920843816,0.74505283381364,0.755642183011899,0.0,0.5583554844173387,0.762384212645992,0.762785208497246,0.76905408227187,0.0,0.573555875853777
1.0,Tat,Wel,0.504228571428571,0.510131108462455,0.5211542633977,0.0,0.3838784858221815,0.934896921852664,0.90558936497625,0.900353640772647,0.0,0.9588126406563278,0.4938437430042534,0.517283055354121,0.486826104580462,0.0,0.37448822573470913,0.515059537707214,0.503174229955325,0.560690943043884,0.0,0.39473117767660576
3.1622776601683795,Alb,Trk,0.76126224156692,0.776675749318801,0.767150179954193,0.76221783914091,0.7668265024952059,0.3619208112697908,0.3379180600966147,0.3510910041773464,0.353038818770013,0.7665126585542875,0.7509660798626,0.762628424657534,0.74465382172348,0.748439853669033,0.7516720449781618,0.771844660194174,0.791250277592715,0.791048133153396,0.776512614422862,0.7826639213407867
3.1622776601683795,Tat,Eng,0.542530157748221,0.496680748340374,0.4883127488006532,0.521623283459725,0.5122867345872433,0.82157376750936,0.869527707724643,0.998232106962394,0.885666629544376,1.1763681260040324,0.517099056603773,0.45832559866344,0.461597838672327,0.50009825112988,0.48428018626735503,0.570592062459336,0.542041712403951,0.518309859154929,0.545084600556864,0.54400705864377
3.1622776601683795,Tat,Grk,0.646462395543175,0.667826086956521,0.6659077973819,0.661797752808988,0.660498508172646,0.4225218202568975,0.4004411979167429,0.420876190052127,0.419255777498261,0.8156634469518215,0.601617586063873,0.652617267165193,0.631885936487362,0.632245598969514,0.6295915971714855,0.698531182277871,0.683760683760683,0.703801732435033,0.694247996228194,0.6950853986754453
3.1622776601683795,Grg,Fr,0.67553893532776,0.675845357418217,0.628521319741313,0.610600385881284,0.6476264995921436,0.503536514177078,0.491671543754,0.571333448549059,0.651881531519299,0.931687873561359,0.66414359861591,0.669138495092693,0.612606837606837,0.602328705776981,0.6370544092731052,0.6873321396598,0.68268802848242,0.645284717533198,0.61910241657077,0.658601825561547
3.1622776601683795,Fin,Grm,0.747967479674796,0.747667426912709,0.761138744840723,0.733179584879173,0.7474883090768502,0.290775094797808,0.263685535794744,0.2613045809377299,0.2802338101616907,0.7080783714743071,0.714791502753737,0.728337709553625,0.74113767518549,0.69360652627584,0.7194683534421731,0.784372976473127,0.768051118210862,0.782249293017185,0.777541471714164,0.7780537148538345
3.1622776601683795,It,Wel,0.604759386567953,0.61919885257658,0.625801703290926,0.604709576138147,0.6136173796434016,0.867169292092743,0.744112613785819,0.908643587571109,0.893487052830207,1.1673249831235148,0.544053282588011,0.548855793679622,0.575406032482598,0.54778156996587,0.5540241696790252,0.680714285714285,0.710223266745005,0.685872320811246,0.674842326559215,0.6879130499574377
3.1622776601683795,Eng,Tat,0.670381333797666,0.5321327014218,0.692071753880472,0.610556834655069,0.6262856559387517,0.3861194888540836,0.4655445888638496,0.321552999514404,0.55258576617414,0.815064563635657,0.611014124742104,0.513914317099963,0.674823273518216,0.545233018580566,0.5862461834852123,0.74252651880424,0.551690251572327,0.710225104921785,0.693664018601046,0.6745264734748495
3.1622776601683795,Tat,Dut,0.708807416772018,0.715937762825904,0.69976205926887,0.705599162742,0.7075266004021981,0.43054124921289,0.47029021186448,0.437276500094673,0.428728255690315,0.8241365012494696,0.68625050999592,0.70264135369376,0.696597760551248,0.684189161761721,0.6924196965006622,0.732897603485838,0.729747106729532,0.702955236853541,0.728392394122731,0.7234980852979105
3.1622776601683795,Prt,Wel,0.558383096003674,0.590127452963787,0.604029605263157,0.597464342313787,0.5875011241361012,0.779666724820302,0.709036781325796,0.744476610637256,0.63278979701405,1.039233283117902,0.461433343455815,0.526344280043305,0.54397333827069,0.516615279205207,0.5120915602437544,0.706908583391486,0.671500920810313,0.67899237346891,0.708313762329732,0.6914289100001103
3.1622776601683795,Grm,Wel,0.542818740399385,0.598198198198198,0.556436851738865,0.559432288586635,0.5642215197307707,0.836588230290113,0.726897225396034,0.68061587425219,0.679808654756823,1.0492531898247814,0.461626387981711,0.543423839784325,0.4917325664989216,0.4802030456852791,0.4942464599875592,0.658667287977632,0.665252239509665,0.640749414519906,0.6699716713881,0.6586601533488258
3.1622776601683795,Grm,Fin,0.75997641045803,0.745635188579145,0.699921752738654,0.730255402750491,0.7339471886315799,0.4464167266157171,0.470645964289949,0.578028129256317,0.502411277570101,0.8817140333605338,0.736661585365853,0.72135125046659,0.66878504672897,0.70344436033308,0.7075605607236233,0.78481526593585,0.77161110001996,0.734099302421009,0.759191176470588,0.7624292112118518
3.1622776601683795,Grk,Grg,0.689875439156818,0.7034200021577,0.683527744467458,0.694347063978965,0.6927925624402352,0.391319665996611,0.344833683187553,0.335247482627875,0.320767052246458,0.7618335502177359,0.664615384615384,0.67425025853154,0.667305236270753,0.675261027061581,0.6703579766198144,0.717131474103585,0.735227785295444,0.700558659217877,0.714543404735062,0.7168653308379919
3.1622776601683795,Arm,Grm,0.679488580483007,0.72192402972749,0.726165027789653,0.648140138408304,0.6939294441021135,0.330876551865831,0.30051771347835,0.284332092820793,0.38534083094955,0.7501373689090435,0.688441098317094,0.70976253298153,0.743000874890638,0.657813871817383,0.6997545945016613,0.67076591154261,0.73450955681579,0.71007525083612,0.638746803069053,0.6885243805658933
3.1622776601683795,Grm,Est,0.70185166848202,0.711422845691382,0.699819891935161,0.704211460696321,0.704326466701221,0.61931993286212,0.594535374469582,0.61721635228154,0.662895253223275,0.9748578845917337,0.680360913803033,0.68493150684931,0.674185463659147,0.679611650485436,0.6797723836992315,0.724744376278118,0.740045861997081,0.72748075722904,0.730659025787965,0.7307325053230509
3.1622776601683795,Trk,Alb,0.852317254425077,0.829261816250663,0.82010582010582,0.807428340734759,0.8272783078790797,0.217672978866158,0.2392374707714921,0.22699287336127,0.2373188924035625,0.6704961861577476,0.830874604847207,0.804067971163748,0.790211572775936,0.780843310775637,0.8014993648906321,0.874895977808599,0.856085526315789,0.852350838603244,0.835887433825578,0.8548049441383025
3.1622776601683795,Grg,Grk,0.727209944751381,0.71911647500853,0.731232622798887,0.717413499716392,0.7237431355687974,0.309391695779787,0.302192995407806,0.290021382201191,0.3230497029767384,0.730615695239429,0.701220865704772,0.692543859649122,0.70540902995082,0.685751463890696,0.6962313047988525,0.755199617499402,0.74780961401847,0.75901875901875,0.752140818268315,0.7535422022012344
3.1622776601683795,Dut,Tat,0.722946485550186,0.69189919860963,0.767367419326931,0.64364937388193,0.7064656193421692,0.257321019001095,0.2665434729377848,0.2579277032776407,0.336100637073248,0.7128373398379959,0.675008512087163,0.680919802356518,0.694379207765774,0.599966649991662,0.6625685430502792,0.778213935230618,0.70323846908734,0.857501933488012,0.694192552575728,0.7582867225954245
3.1622776601683795,Trk,Grm,0.7783728115345,0.773045934916815,0.767914217960614,0.77907218639484,0.7746012877016923,0.2345829368142647,0.2446565755999301,0.251213031260738,0.2405042310049669,0.6815750497699924,0.757466426137502,0.753877551020408,0.744502199120351,0.759789003854737,0.7539087950332495,0.800466002965473,0.793214515782692,0.79284649776453,0.799359658484525,0.796471668749305
3.1622776601683795,Grm,Arm,0.711401132725929,0.519443453442739,0.715953307392996,0.586190588791676,0.633247120588335,0.4866598323075,0.683556689010679,0.515225291846783,0.666872188689388,0.9171893282109178,0.666743595661204,0.474885844748858,0.664259927797833,0.529814062833938,0.5839258577604582,0.762470308788598,0.57322834645669,0.776371308016877,0.655993649113522,0.6920159030939218
3.1622776601683795,Est,Grm,0.74194198227236,0.760058067192036,0.7632434700514,0.765421910460078,0.7576663574939685,0.275994960214295,0.2441872764835702,0.260861143787903,0.2557782117176818,0.69815857892997,0.713621391203255,0.736091584655553,0.747790339157245,0.742594075260208,0.7350243475690652,0.772603314453534,0.785637727759914,0.779348757497857,0.789697743720732,0.7818218858580093
3.1622776601683795,Alb,Wel,0.555709268915611,0.580151001203632,0.554650664380625,0.53748739213269,0.5569995816581396,0.84875198429179,0.968218035405685,0.791462564937105,0.798293815829524,1.1096270912646047,0.511459353574926,0.54301515772224,0.505172750341596,0.523466492032307,0.5207784384177672,0.60834109972041,0.622739018087855,0.61487289142314,0.552280055274067,0.5995582661263679
3.1622776601683795,Wel,Prt,0.762270490819632,0.761817974712381,0.758002560819462,0.75821650195357,0.7600768820762613,0.52807643640613,0.4403098401544668,0.53888272121166,0.481902184910381,0.8872153356320427,0.75745289768662,0.74460031173458,0.746960311998164,0.732948233725838,0.7454904387863006,0.767149758454106,0.779850746268656,0.76937618147448,0.78528921685313,0.775416475762593
3.1622776601683795,Spn,Wel,0.582685018950728,0.614072494669509,0.612320328542094,0.606373292867981,0.603862783757578,0.796119478596767,0.595984886413518,0.66606663954947,0.811066760655335,1.068313219700393,0.506063756063756,0.54271356783919,0.552836484983314,0.531006378454996,0.533155046835314,0.686647860836859,0.70703764320785,0.686148182236539,0.706672954491865,0.6966266601932782
3.1622776601683795,Eng,Bsq,0.60113179992698,0.619462665109174,0.624942049142327,0.667035908797193,0.6281431057439185,0.5168525926733,0.512475568984805,0.488527903272092,0.48585205447331,0.8728081376046755,0.574494068387997,0.583150059211639,0.602431176260278,0.644488048519443,0.6011408380948393,0.630359877488514,0.660597930241471,0.649200539395106,0.691218672278553,0.6578442548509109
3.1622776601683795,Wel,Grm,0.764420029579547,0.76190476190476,0.759883478984602,0.77909639808453,0.7663261671383597,0.24802183708998,0.2427883963362956,0.249191139946022,0.235459671028,0.6831681620160005,0.754850824118506,0.739995978282726,0.736438798144787,0.769483857701007,0.7501923645617565,0.774234966830729,0.785150416044378,0.784869976359338,0.788952139995783,0.783301874807557
3.1622776601683795,Wel,Alb,0.831475762051832,0.826162248568003,0.821917808219178,0.828296335918694,0.8269630386894268,0.2408538672790486,0.250810338024917,0.260086779277706,0.2416127234336071,0.6856383424975905,0.803321224701608,0.797992794647452,0.794957550810393,0.800051666236114,0.7990808090988918,0.861675480100194,0.856393261529964,0.850770925110132,0.858608261713335,0.8568619821134063
3.1622776601683795,Wel,Spn,0.747560555619331,0.746453089244851,0.767539756782039,0.758025543665861,0.7548947363280205,0.450342614924045,0.4544037460587796,0.473866490589262,0.451883464107211,0.8440231424051294,0.711693989071038,0.711450381679389,0.745570195365742,0.724911971830985,0.7234066344867885,0.787234042553191,0.78507821901323,0.790843373493975,0.794309139136725,0.7893661935492803
3.1622776601683795,Fr,Grg,0.675622610313113,0.668713540067546,0.678553338060986,0.674087173619057,0.6742441655151755,0.351307483386147,0.349060805164662,0.350741795906928,0.3554032865666867,0.7643631414649404,0.629016740427169,0.615950226244343,0.625747384155455,0.630595562475671,0.6253274783256595,0.729687,0.731363331094694,0.741093162204027,0.724022346368715,0.731541459916859
3.1622776601683795,Grm,Trk,0.714148424986652,0.703664477864859,0.70888209883047,0.683420296028111,0.702528824427523,0.524031278170632,0.586490230825008,0.617457896683085,0.62678617244737,0.9420688368252719,0.688490837965822,0.672197490894374,0.67754279959718,0.650385083096878,0.6721540528885634,0.741792369121561,0.738222222222222,0.743261157755192,0.719991025353376,0.7358166936130878
3.1622776601683795,Grk,Tat,0.506343939098184,0.476190476190476,0.3938426881922282,0.665292905504857,0.5104175022464362,0.325693753368697,0.258178729686378,0.409187685156092,0.3208431536113152,0.7639311480340261,0.513155291790306,0.485505777417393,0.3836869056327724,0.677322677322677,0.514917663040787,0.4997110383355808,0.4672259071400702,0.4045507134593135,0.6536829926725,0.5062926629018661
3.1622776601683795,Wel,It,0.815282534246575,0.82246301312773,0.821654006633144,0.821204516938519,0.820151017736492,0.2928513816394952,0.24277754078735,0.26280085222977,0.2721015966301696,0.7069384576248587,0.80579648825893,0.808149058149058,0.82016232379325,0.813717364276833,0.8119563086195178,0.824994585228503,0.837293169282986,0.823151125401929,0.82883073026593,0.828567402544837
3.1622776601683795,Bsq,Eng,0.65896644428955,0.653291022622581,0.662116040955631,0.650982727814175,0.6563390589204843,0.61920973296745,0.597741994070011,0.586537757086099,0.611066647319936,0.9542035343433712,0.61311839911061,0.609434682964094,0.62545040773753,0.605093190625576,0.6132741701094525,0.712225570383125,0.703948819766159,0.703348261889528,0.704403866809881,0.7059816297121732
3.3166247903554,Trk,Fr,0.787648243454911,0.765638389031705,0.782153376240863,0.74489123269611,0.7700828103558972,0.3900182613528534,0.417022899394426,0.357289752530528,0.411230523368789,0.7896346343130426,0.772607550482879,0.737819983484723,0.76001695993216,0.71534078919603,0.746446320773948,0.803286170698311,0.795636687444345,0.805617977528089,0.776988310795324,0.7953822866165172
3.3166247903554,Fr,Trk,0.738831262195748,0.770728707594547,0.739880830080131,0.761143559790962,0.752646089915347,0.33569052959398,0.3167735800573912,0.366064473282668,0.3268124293131,0.7571418580474369,0.69763382467028,0.72391220639199,0.685382565664255,0.710813397129186,0.7044354984639277,0.78519973804846,0.824019285557747,0.803794642857142,0.819144243493603,0.808039477489238
3.3166247903554,Wel,Grk,0.751220646361311,0.759272383652256,0.752031124842659,0.755749051127483,0.7545683014959272,0.279925321246838,0.291053346069934,0.28546643729033,0.254628112253256,0.705004967697606,0.732985480943738,0.750583839327417,0.716372356660126,0.719447396386822,0.7298472683295258,0.77038626609442,0.768164435946462,0.791425818882466,0.795908770279802,0.7814713228007875
3.3166247903554,Grm,Tat,0.652120358965335,0.766285516285516,0.672786766042537,0.722889583676156,0.7035205562423861,0.3434767714262166,0.29592906701173,0.429006547785141,0.3678999461076209,0.7850958163297446,0.601428107757221,0.701952071099825,0.637114821828197,0.627033970882101,0.641882242891836,0.712144504227517,0.843600991798588,0.712690159830541,0.853341103341103,0.7804441897994373
3.3166247903554,Fr,Arm,0.48835359618225,0.512260967379077,0.529871378771486,0.511325357184341,0.5104528248792886,0.942355941771201,1.245608276656955,1.030421980153856,0.62804081581288,1.1502046844344842,0.428514456630109,0.451248513674197,0.4892341842397336,0.458446157050614,0.4568608278986634,0.567617538298996,0.592351716961498,0.577871001573151,0.577993697478991,0.5789584885781589
3.3166247903554,Fr,Wel,0.574766355140186,0.601960978508467,0.570002993713202,0.571926427879961,0.5796641888104539,0.542748316405384,0.634703807858531,0.591807974874098,0.68181076858514,0.9540917649661556,0.49339796088918,0.51930963773069,0.495059802392095,0.4863351992097464,0.4985256500554278,0.688272324551177,0.715901060070671,0.671683913452492,0.69407894736842,0.69248406136069
3.3166247903554,Est,Fr,0.754098360655737,0.719132488726648,0.73677335075114,0.740464708461201,0.7376172271486815,0.4417578932652118,0.559866870081209,0.507044645921576,0.510849919244472,0.8649131146078151,0.731533793680686,0.691370767960363,0.710029374737725,0.718876356671632,0.7129525732626015,0.778099265524148,0.749217002237136,0.765610859728506,0.763389830508474,0.764079239499566
3.3166247903554,Arm,Fr,0.608532686583618,0.57653807220785,0.622413208187266,0.5692458801702,0.5941824617872334,0.94754443938752,0.997023241437027,0.911515793841804,0.988460145873223,1.2118800947756367,0.5946994182288,0.567160876300066,0.624886466848319,0.553833085580802,0.5851449617394968,0.623024830699774,0.58623055809698,0.61995945032665,0.585541086663673,0.6036889814467692
3.3166247903554,Wel,Fr,0.755825510767531,0.754232718645529,0.76398332967756,0.750773993808049,0.7562038882246672,0.4788229350020295,0.387694598534122,0.4138163140572677,0.41051987885304,0.8257897819780844,0.734650064405324,0.728389918766923,0.744548952543822,0.724653148345784,0.7330605210154633,0.77825790311576,0.781976744186046,0.784459459459459,0.778848359715531,0.7808856166191991
3.3166247903554,Fr,Est,0.789662877683862,0.791316252689223,0.776534737237943,0.773482798608426,0.7827491665548635,0.2394717956648291,0.279464382173803,0.2755476850469732,0.279096481165118,0.6985289904692301,0.749400700719159,0.746770025839793,0.727368791828108,0.733773377337733,0.7393282239311982,0.834496919917864,0.84151414309484,0.8328291994353,0.817736003269309,0.8316440664293282
3.3166247903554,Tat,Grm,0.703053931124106,0.665389119557117,0.656546489563567,0.648660518225735,0.6684125146176312,0.3496374946170674,0.3673822162148188,0.362329444311288,0.3941906014536048,0.77653938509549,0.712779973649538,0.6627783669141,0.65024013363959,0.661886623347524,0.6719212743876879,0.693589743589743,0.668020521590423,0.6629763678944,0.635952637244348,0.6651348175797285
3.3166247903554,Grk,Wel,0.62409420289855,0.627991982077585,0.51313446126447,0.56719532554257,0.5831039929457938,0.660953191743,0.678168977597649,0.698981639050262,0.63025911049174,0.9975484853212505,0.59319845027981,0.616720704029643,0.493364726027397,0.513411409142425,0.5541738223698187,0.658385093167701,0.63968292097045,0.534554730983302,0.633566433566433,0.6165472946719714
3.4641016151377544,Fr,Tat,0.621394339452,0.711102994886778,0.562583877605797,0.693096267819958,0.6470443699411332,0.3619290595008453,0.275226690653414,0.384656094556823,0.2587836813443983,0.7513422088505166,0.582076910045739,0.67068549776093,0.530812088468681,0.592658539926037,0.5940582590503467,0.666408068269976,0.756704236300038,0.59840121811952,0.834522661523625,0.7140090460532897
3.4641016151377544,Tat,Fr,0.6480734767025,0.648336061102018,0.61057945104637,0.652460789616008,0.639862444616724,0.595335768373954,0.618175060319399,0.617848090830197,0.59271609766776,0.9514749892179778,0.633734939759036,0.626264755480607,0.573488739628605,0.62172747887033,0.6138039784346445,0.663075865230346,0.67201990499886,0.652799640206881,0.686390532544378,0.6685714857451163
2.23606797749979,Bsq,Cz,0.783451059535822,0.779338112540508,0.774794198353586,0.772481572481572,0.777516235727872,0.26547406810147,0.2300900492878377,0.2609755047985042,0.2722118866174621,0.699665364879359,0.759389671361502,0.754085898897757,0.754677357770141,0.743754731264193,0.7529769148233982,0.80908711963318,0.806340174761227,0.796012887635924,0.803516663259047,0.8037392113223445
2.23606797749979,Brt,Bsq,0.655892637746904,0.72600018916107,0.647190138794525,0.710340775558166,0.6848559353151663,0.370110391978034,0.3030375260632909,0.302208299726737,0.323703089427255,0.7490054452830065,0.670660997294163,0.719400187441424,0.650029245466952,0.735849056603773,0.693984871701578,0.641760680599223,0.732722413134784,0.644375724777734,0.68654173764906,0.6763501390402002
2.23606797749979,Brt,Grg,0.663065353246478,0.651319957761351,0.640128410914927,0.666378097608484,0.65522295488281,0.4119622293562396,0.401923568250322,0.455934807531395,0.4049986641910889,0.8182239252696809,0.643106636531744,0.614465032875074,0.614799588900308,0.645357367428212,0.6294321564338345,0.684302579798863,0.692878004942709,0.667633928571428,0.688814317673378,0.6834072077465946
2.23606797749979,Wel,Bsq,0.664747399702823,0.702387666854671,0.7054608830364,0.665887167494884,0.6846207792721944,0.409519854373355,0.33126965880026,0.3269947010437857,0.3220475476165192,0.764640525758415,0.653937511419696,0.69146770312789,0.714033712269698,0.6838102861717,0.685812303247246,0.675920679886685,0.71365807067812,0.697091465748182,0.648879605013292,0.6838874553315698
2.23606797749979,Sln,Grk,0.768849557522123,0.766136801541425,0.786444708680142,0.759630911188004,0.7702654947329235,0.295823689321703,0.28781349544015,0.268737681767522,0.332489956697742,0.7242628319467419,0.757498256219483,0.752899408284023,0.781796690307328,0.745022624434389,0.7593042448113058,0.780546238620028,0.77984800196126,0.791148325358851,0.774823529411764,0.7815915238379758
2.23606797749979,Brt,SCr,0.663142967642129,0.626339780707157,0.66082232374367,0.62470159567784,0.643751666942699,0.703466938489374,0.633984494490872,0.559437198651858,0.624256130098037,0.9717900668098173,0.63631865413161,0.576678765880217,0.620305980528511,0.580841121495327,0.6035361305089163,0.69232839838492,0.685359935292531,0.70700132100396,0.675727099755368,0.6901041886091948
2.23606797749979,Arm,Bsq,0.632170076213397,0.47531231409875,0.598537336412625,0.55928666287232,0.566326597399273,0.59403111469088,0.672524001176071,0.58741450523564,0.61675061667644,0.9495490591507401,0.662602480554971,0.4973029045643153,0.609923514414591,0.559924026590693,0.5824382315311425,0.604410354745925,0.455184200531712,0.587568486680521,0.558650748531362,0.5514534476223799
2.23606797749979,Arm,Blg,0.734910497436358,0.726328707637118,0.727485801857026,0.782442400509971,0.7427918518601183,0.660052701475605,0.775705809181363,0.680247350482755,0.503449998919506,0.9609375127194665,0.704310344827586,0.710959157272223,0.700520833333333,0.761027457927369,0.7192044483401279,0.768290389317284,0.742377460439984,0.756609788111756,0.805097451274362,0.7680937722858465
2.23606797749979,Arm,SCr,0.696777533324705,0.60015447991761,0.623825247650495,0.661429491307147,0.6455466880499893,0.637688794470077,1.16959177828262,0.885119954149234,0.662594405886118,1.0463507886263572,0.681346494558339,0.58115183246073,0.595971851492356,0.629874908020603,0.622086271633007,0.712923728813559,0.620441841895129,0.654409805488942,0.696312364425162,0.671021935155698
2.23606797749979,Bsq,Arm,0.526493663246831,0.533685601056803,0.516458704693998,0.563764935381614,0.5351007260948114,1.288833720749462,1.416837943110072,1.652822914461172,1.299870118800498,1.560381688502783,0.4863960749330954,0.4909412284577993,0.472596781209221,0.526891522333637,0.49420640173343816,0.573796369376479,0.584583004472507,0.56929525805606,0.60618772941793,0.583465590330744
2.23606797749979,Bsq,Est,0.81395812562313,0.815167719980554,0.806347930895942,0.795014955134596,0.8076221829085556,0.25498150348742,0.2398826369027576,0.240130962086885,0.25947080397412,0.6886458173871063,0.787726746429949,0.785165761378535,0.78675029400235,0.772824190734638,0.7831167481363681,0.84199669966996,0.847553578649413,0.82694684796044,0.81851775816054,0.8337537211100883
2.23606797749979,Bsq,Wel,0.60723350253807,0.559266535690897,0.567508232711306,0.631692109223822,0.5914250950410238,0.823879595649179,0.78856429433179,0.687847213907071,0.85215172397318,1.0909696333823575,0.548633670934454,0.528792569659442,0.537087055890297,0.591980656860769,0.5516234883362404,0.679848448969926,0.593467685892981,0.601582499418198,0.677114542521318,0.6380032942006058
2.23606797749979,Arm,Lit,0.606887727902761,0.630979978925184,0.641701750498559,0.619147758716104,0.6246793040106521,0.791109305109059,0.75449318310001,0.880758876585458,0.79199348126774,1.1159654157405643,0.578690524603497,0.596533173939031,0.615515409139213,0.591456967646436,0.5955490188320443,0.637973548531719,0.669648848132408,0.670215227956491,0.649558755225267,0.6568490949614713
2.23606797749979,Bsq,Brt,0.770261909672097,0.777931034482758,0.786153685747054,0.767958115183246,0.7755761862712887,0.370329894379607,0.3333525057808832,0.3299215627001257,0.343760686764764,0.7610030359611242,0.739164852562833,0.744667885435709,0.751295336787564,0.73486973947895,0.742499453566264,0.804090419806243,0.814304753442914,0.824404111086813,0.804166666666666,0.811741487750659
2.23606797749979,Ltv,Est,0.800553469065032,0.791869453192098,0.817460317460317,0.803353196646803,0.8033091090910625,0.3220866356217717,0.27457608004262,0.2715714632461345,0.292838867514354,0.721624241595565,0.778546712802768,0.772913561847988,0.80515927301153,0.791442786069651,0.7870155834329843,0.82384052074857,0.81177851692428,0.83014305863389,0.815627563576702,0.8203474149708605
2.23606797749979,Ltv,Arm,0.458404851813708,0.437932625749884,0.40365317397677,0.465750120598166,0.44143519303463197,2.00320198372915,1.721992154636293,1.824458832821935,1.699801840202909,1.8818656641884985,0.4091930541368743,0.387901083180053,0.3563607405932709,0.429684023141967,0.3957847252630413,0.521071800208116,0.502781456953642,0.465418616744669,0.508425487098472,0.49942434025122473
2.23606797749979,Lit,Grm,0.77686123003028,0.753611139977138,0.77236787349146,0.782904529024027,0.7714361931307263,0.2497663449817402,0.2619783886972849,0.2578028127214403,0.2422589915476634,0.6874570373127109,0.752427184466019,0.735646175694867,0.756933115823817,0.771260997067448,0.7540668682630377,0.802935462982948,0.772475500639113,0.788445199660152,0.794905008635578,0.7896902929794477
2.23606797749979,Bsq,Ukr,0.653491941673062,0.665783747989783,0.632050304878048,0.665788235294117,0.6542785574587525,0.520619755350665,0.480272289116302,0.433812381100661,0.4606273127348105,0.8537648622965341,0.632380245079836,0.636577424023154,0.601450589301903,0.638678223185265,0.6272716203975395,0.676061929337038,0.697798929208804,0.66593053603694,0.695301749557696,0.6837732860351196
2.23606797749979,Lit,Spn,0.803980560055542,0.80372743156668,0.790653986145356,0.815955213435969,0.8035792978008868,0.3781736203272031,0.348960711933375,0.39263203794611,0.362021224187389,0.7832067206151756,0.775273376478464,0.778956875141115,0.766795718515144,0.792658055744391,0.7784210064697785,0.834895457822638,0.830125120307988,0.816044595249636,0.840663302090843,0.8304321188677763
2.23606797749979,Lit,Prt,0.778470778470778,0.769120970619721,0.771050800278357,0.771684713005006,0.7725818155934654,0.480836504082711,0.4638249421669301,0.4887315844652404,0.504954508072893,0.8686306491552112,0.75459023734885,0.763580538497874,0.752206381534283,0.755241567912488,0.7564046813233737,0.803912213740458,0.774742391564821,0.790863668807994,0.788859795286836,0.7895945173500272
2.23606797749979,Lit,Alb,0.833199679230152,0.839962751097512,0.84257265877287,0.847425474254742,0.840790140838819,0.204782978599582,0.1956470580684117,0.1839441189953965,0.2103260455291254,0.649763285781026,0.80563453088653,0.813869554008765,0.817920585161964,0.827248677248677,0.816168336826484,0.862717962911707,0.86778449697636,0.86875693673695,0.868611111111111,0.866967626934032
2.23606797749979,Arm,Ltv,0.573241557324155,0.556785827269851,0.54316776806651,0.537977430555555,0.5527931458040177,1.12704923888449,1.130189361697841,1.022896061716994,1.00779040978058,1.289433927595516,0.540020263424518,0.517647058823529,0.506359300476947,0.507056657803231,0.5177708201320562,0.610818244327297,0.602327173169062,0.585747126436781,0.572914259302056,0.592951700808799
2.23606797749979,Bsq,Sln,0.782292699041955,0.767295597484276,0.776560912272778,0.816549215730847,0.7856746061324641,0.298460127805477,0.294513065170085,0.3030313997296616,0.25453837745453,0.7140074762474171,0.737541528239202,0.727292434424452,0.73420153714773,0.782229965156794,0.7453163662420446,0.832825322391559,0.811955469506292,0.824107356817637,0.854018069424631,0.8307265545350297
2.23606797749979,Lit,Hng,0.83249039045114,0.819195046439628,0.851992215507528,0.830728368576974,0.8336015052438175,0.2176999816684131,0.2240760744868519,0.191974942412275,0.2268107227550408,0.6591214117089321,0.815012873836403,0.802304426925409,0.843268450932684,0.814177012414897,0.8186906910273483,0.850733925987182,0.836812144212523,0.860898364727799,0.847966631908237,0.8491027667089351
2.23606797749979,Bsq,Pol,0.805245364204487,0.778618152085036,0.787250532842472,0.794642857142857,0.7914392265687131,0.28426016251198,0.3286753806412359,0.3180585785095575,0.2717676804271994,0.7185216053621842,0.790585395292697,0.763020833333333,0.75773964938455,0.774645222327341,0.7714977750844803,0.820459290187891,0.794866444073455,0.819153225806451,0.81570033871289,0.8125448246951716
2.23606797749979,Lit,Fin,0.80749093838099,0.814605036917163,0.813217811807374,0.807396301849075,0.8106775222386504,0.274208774097414,0.2415431360274164,0.2557000319332435,0.269229702085274,0.6997846270289829,0.796108794917609,0.802830940988835,0.794957652156785,0.784728968331066,0.7946565890985737,0.81920326864147,0.826729624307123,0.832336564240049,0.831412103746397,0.8274203902337598
2.23606797749979,Est,Bsq,0.571534127643853,0.547378547378547,0.645421386062583,0.618712916476494,0.5957617443903693,0.380379156406286,0.4297664296319227,0.344386979526547,0.3219495387004574,0.7616789186583226,0.559898660875859,0.548592364057076,0.649913009858882,0.590109698763712,0.5871284333888822,0.58366345972458,0.54617009022845,0.640991420400381,0.650230237912509,0.60526380206648
2.23606797749979,Est,Blg,0.805586801649793,0.803612605687932,0.8039062,0.795473833097595,0.8021448601088301,0.287887359345156,0.3020968696609699,0.3150987883170568,0.313087172224732,0.7290183299717362,0.786420204978038,0.789056603773584,0.795823665893271,0.770129633010772,0.7853575269139162,0.825710991544965,0.818715740015661,0.812154696132596,0.822542901716068,0.8197810823523225
2.23606797749979,Est,SCr,0.546482260974143,0.599620972836386,0.627915679181738,0.560523446019629,0.583635589752974,0.92669034864701,0.764971108497732,0.762641118605459,1.097582270574926,1.196728434456849,0.496612021857923,0.566078244274809,0.58918539325842,0.514457295373665,0.5415832386912043,0.607486631016042,0.63738920225624,0.672096128170894,0.615650785200958,0.6331556866610335
2.23606797749979,Est,Lit,0.786406732715457,0.778565971843282,0.787436407874364,0.789026779882429,0.785358973078883,0.2920984163986379,0.2850775417189677,0.267070354681741,0.267791284564139,0.7067400139111294,0.754342938892295,0.751421950705708,0.766415500538213,0.76698412698412,0.759791129280084,0.821317311971517,0.807744565217391,0.809642938367068,0.81237390719569,0.8127696806879166
2.23606797749979,Est,Ltv,0.709371293001186,0.705035971223021,0.699967352269017,0.710495719268576,0.70621758394045,0.556997865291985,0.607009235797384,0.514962046705033,0.6084690941514,0.9201072515371045,0.677585496497733,0.668499287314192,0.663777089783281,0.674628663187474,0.67112263419567,0.744286037565,0.745797364834166,0.740331491712707,0.750390712212547,0.745201401581105
2.23606797749979,Brt,Blg,0.821227503461,0.814594192107222,0.801719925730479,0.801722523871934,0.8098160362926587,0.303134141483304,0.294658704549336,0.3098320131525703,0.3094900692867753,0.7306140559806624,0.79702615549982,0.786343216531895,0.776893939393939,0.775443679826149,0.7839267478129508,0.84694460308395,0.844950762695501,0.828184938421158,0.8298449612403,0.8374813163602273
2.23606797749979,Lit,Est,0.840423407229878,0.85065782866325,0.833874898456539,0.837395865473619,0.8405879999558215,0.218315698797792,0.2135433196270523,0.2264634943299406,0.201748476567035,0.6616319174236919,0.829652996845425,0.838281868566904,0.820707575454727,0.827607237243342,0.8290624195275995,0.851477134763253,0.863404689092762,0.847471620227038,0.847418817651956,0.8524430654337523
2.23606797749979,Tat,Ukr,0.583130575831305,0.565186172940814,0.58947579835308,0.59670822942643,0.5836251941379071,0.720806892349126,0.710977726629082,0.692377497017123,0.763882322468633,1.0442666779587204,0.590675703429862,0.573958333333333,0.589594214543993,0.604853387259858,0.5897704096417615,0.575775775775775,0.55667811679127,0.589357429718875,0.588779527559055,0.5776477124612438
2.23606797749979,Lit,Arm,0.51220993803912,0.532579947102668,0.514697060587882,0.552890381386423,0.5280943317790232,1.45116344460793,1.294967038539443,1.503622994666368,0.771128748068607,1.4314787968357263,0.474134053081421,0.497640979555156,0.47550432276657,0.510407440212577,0.48942169890393106,0.556935270805812,0.572795448668218,0.560930962343096,0.603087388801674,0.5734372676547
2.23606797749979,Grg,Brt,0.697598253275109,0.6597537265068,0.63622392974753,0.673284235243889,0.666715036193332,0.42877165433194,0.546767102952329,0.508994523969264,0.42149263668473,0.8398147037464835,0.695169712793733,0.648545338713102,0.646009808292465,0.657768508863399,0.6618733421656747,0.700043821209465,0.671356342053198,0.626730103806228,0.689549628334062,0.6719199738507382
2.23606797749979,Grg,Ukr,0.649093561158574,0.657442348008385,0.646770237121831,0.647792098035072,0.6502745610809655,0.607427896284651,0.594539655431527,0.556526414770195,0.63567297387006,0.9499068212312265,0.67643865363735,0.69334512491709,0.668639053254437,0.676373262739907,0.678699023637196,0.623873422791908,0.625074745864062,0.626286619160728,0.621528481654165,0.6241908173677158
2.23606797749979,Sln,Tat,0.590370509685913,0.732904411764705,0.577083914134374,0.50602885945839,0.6015969237608455,0.2291864000890456,0.2398385287747836,0.287042346883547,0.325381540225495,0.710402571799522,0.573333333333333,0.698615735062204,0.559862964298593,0.517485344653325,0.5873243443368636,0.608451250242295,0.770732650299632,0.595397890699904,0.49506865209824,0.6174126108350177
2.23606797749979,Grg,Sln,0.64753917457514,0.700891346045357,0.660401146131805,0.578491965389369,0.6468309080354178,0.419495643844539,0.3226449811009104,0.3788331738725619,0.528773709593839,0.831775631827735,0.62029598308668,0.667239527389903,0.640079982226171,0.54871029631208,0.6190814472537085,0.677285318559556,0.738117870722433,0.682054924242424,0.611692015209125,0.6772875321833844
2.23606797749979,Grg,Pol,0.67609997934311,0.743390038942406,0.729909839278714,0.72909632571996,0.7196240458210476,0.411657901432697,0.345068501899928,0.3236959155937525,0.3251238037950136,0.7651194052053658,0.675960346964064,0.74891596118108,0.720448829560843,0.724348855564325,0.717418498317578,0.676239669421487,0.737945066124109,0.739622641509433,0.733906437425,0.7219284536200072
